{
    "now": "2025-02-14T19:56:58.559Z",
    "perfNow": 13026.400000000373,
    "diagnosticCorrelation": "1f5d92a8-2fe4-4e15-bbf5-909bf9087bfa",
    "source": "DownloadSupportFiles",
    "environment": {
        "productName": "adf",
        "buildVersion": "1.0.020725.5",
        "environmentType": 3,
        "resourceName": "df-pablo-test",
        "resourceRegion": "eastus",
        "resourceGroup": "pabloRG",
        "subscriptionId": "fa2bd074-238a-4dcb-ba1f-33db938c712a",
        "sessionId": "M3r8L8AV5OKUYTxq2PLIY8",
        "operationId": "",
        "gitType": "live",
        "loggingKey": "788050fd-de3d-49b2-9a03-5d991edcd2a7"
    },
    "additionalInfo": {
        "selectedResource": "import rebrickable",
        "selectedResourceType": "pipeline"
    }
}