{
    "name": "import rebrickable",
    "properties": {
        "activities": [
            {
                "name": "para cada tabla",
                "type": "ForEach",
                "dependsOn": [
                    {
                        "activity": "cargar nombre tablas",
                        "dependencyConditions": [
                            "Succeeded"
                        ]
                    }
                ],
                "userProperties": [],
                "typeProperties": {
                    "items": {
                        "value": "@activity('cargar nombre tablas').output.resultSets[0].rows",
                        "type": "Expression"
                    },
                    "activities": [
                        {
                            "name": "Copy data1",
                            "type": "Copy",
                            "dependsOn": [],
                            "policy": {
                                "timeout": "0.0:10:00",
                                "retry": 0,
                                "retryIntervalInSeconds": 30,
                                "secureOutput": false,
                                "secureInput": false
                            },
                            "userProperties": [],
                            "typeProperties": {
                                "source": {
                                    "type": "DelimitedTextSource",
                                    "storeSettings": {
                                        "type": "HttpReadSettings",
                                        "requestMethod": "GET"
                                    },
                                    "formatSettings": {
                                        "type": "DelimitedTextReadSettings"
                                    }
                                },
                                "sink": {
                                    "type": "AzureSqlSink",
                                    "preCopyScript": {
                                        "value": "@concat('truncate table rebrickable.',item().name)",
                                        "type": "Expression"
                                    },
                                    "writeBehavior": "insert",
                                    "sqlWriterUseTableLock": false,
                                    "disableMetricsCollection": false
                                },
                                "enableStaging": false,
                                "enableSkipIncompatibleRow": true,
                                "translator": {
                                    "type": "TabularTranslator",
                                    "typeConversion": true,
                                    "typeConversionSettings": {
                                        "allowDataTruncation": true,
                                        "treatBooleanAsNumber": false
                                    }
                                }
                            },
                            "inputs": [
                                {
                                    "referenceName": "ds_http_rebrickable_generic",
                                    "type": "DatasetReference",
                                    "parameters": {
                                        "table_name": {
                                            "value": "@item().name",
                                            "type": "Expression"
                                        }
                                    }
                                }
                            ],
                            "outputs": [
                                {
                                    "referenceName": "ds_sql_rebrickable_generic",
                                    "type": "DatasetReference",
                                    "parameters": {
                                        "table_name": {
                                            "value": "@item().name",
                                            "type": "Expression"
                                        }
                                    }
                                }
                            ]
                        }
                    ]
                }
            },
            {
                "name": "cargar nombre tablas",
                "type": "Script",
                "dependsOn": [],
                "policy": {
                    "timeout": "0.12:00:00",
                    "retry": 0,
                    "retryIntervalInSeconds": 30,
                    "secureOutput": false,
                    "secureInput": false
                },
                "userProperties": [],
                "linkedServiceName": {
                    "referenceName": "ln_pablo_test_sql",
                    "type": "LinkedServiceReference"
                },
                "typeProperties": {
                    "scripts": [
                        {
                            "type": "Query",
                            "text": "select * from dbo.rebrickable"
                        }
                    ],
                    "scriptBlockExecutionTimeout": "02:00:00"
                }
            }
        ],
        "variables": {
            "tablas": {
                "type": "Array",
                "defaultValue": [
                    "themes",
                    "colors"
                ]
            }
        },
        "annotations": [],
        "lastPublishTime": "2025-02-14T19:53:16Z"
    },
    "type": "Microsoft.DataFactory/factories/pipelines"
}