{
    "name": "ds_http_rebrickable_generic",
    "properties": {
        "linkedServiceName": {
            "referenceName": "ln_Http_rebrickable",
            "type": "LinkedServiceReference"
        },
        "parameters": {
            "table_name": {
                "type": "string"
            }
        },
        "annotations": [],
        "type": "DelimitedText",
        "typeProperties": {
            "location": {
                "type": "HttpServerLocation",
                "relativeUrl": {
                    "value": "@concat(dataset().table_name,'.csv.gz')",
                    "type": "Expression"
                }
            },
            "columnDelimiter": ",",
            "compressionCodec": "gzip",
            "escapeChar": "\\",
            "firstRowAsHeader": true,
            "quoteChar": "\""
        },
        "schema": []
    },
    "type": "Microsoft.DataFactory/factories/datasets"
}